,Iteration,Fitness,FEvals,Time,State,Restarts,max_iters,current_restart
0,0,14.0,0,6.849970668554306e-05,"[1, 0, 0, 0, 0, 1, 1, 1, 1, 0]",0,600,0
1,100,17.0,103,0.003721874672919512,"[1, 0, 0, 1, 1, 1, 1, 1, 1, 1]",0,600,0
2,0,14.0,0,4.0374696254730225e-05,"[1, 0, 0, 0, 0, 1, 1, 1, 1, 0]",25,600,0
3,100,17.0,103,0.00330466590821743,"[1, 0, 0, 1, 1, 1, 1, 1, 1, 1]",25,600,0
4,0,12.0,103,0.005460874643176794,"[1, 0, 0, 1, 0, 1, 1, 0, 1, 1]",25,600,1
5,100,18.0,207,0.011261040810495615,"[0, 0, 0, 0, 0, 0, 0, 0, 1, 1]",25,600,1
6,0,12.0,207,0.014025457669049501,"[1, 1, 0, 0, 1, 0, 1, 0, 1, 0]",25,600,2
7,100,16.0,310,0.022103749681264162,"[1, 1, 0, 0, 1, 1, 1, 1, 1, 1]",25,600,2
8,0,12.0,310,0.02543895784765482,"[1, 0, 0, 1, 0, 0, 1, 1, 0, 1]",25,600,3
9,100,17.0,413,0.03570804093033075,"[1, 0, 0, 1, 1, 1, 1, 1, 1, 1]",25,600,3
10,0,13.0,413,0.0387290408834815,"[0, 1, 1, 1, 0, 0, 1, 1, 1, 0]",25,600,4
11,100,14.0,514,0.05097549967467785,"[0, 1, 1, 1, 0, 0, 1, 1, 1, 1]",25,600,4
12,0,4.0,514,0.05455924989655614,"[0, 1, 0, 1, 0, 1, 1, 1, 1, 0]",25,600,5
13,100,18.0,618,0.06923249969258904,"[1, 1, 1, 1, 1, 1, 1, 1, 0, 0]",25,600,5
14,0,13.0,618,0.07341908290982246,"[1, 1, 1, 0, 1, 0, 0, 0, 1, 1]",25,600,6
15,100,18.0,722,0.09181562485173345,"[1, 1, 0, 0, 0, 0, 0, 0, 0, 0]",25,600,6
16,0,13.0,722,0.09672149969264865,"[1, 1, 0, 1, 1, 1, 0, 0, 0, 1]",25,600,7
17,100,18.0,826,0.11590708279982209,"[1, 1, 0, 0, 0, 0, 0, 0, 0, 0]",25,600,7
18,0,2.0,826,0.12028795760124922,"[1, 0, 1, 0, 1, 0, 1, 0, 0, 1]",25,600,8
19,100,18.0,931,0.14156683254987001,"[1, 1, 0, 0, 0, 0, 0, 0, 0, 0]",25,600,8
20,0,8.0,931,0.1462798328138888,"[0, 1, 1, 1, 1, 1, 1, 1, 1, 0]",25,600,9
21,100,18.0,1033,0.1696797078475356,"[1, 1, 1, 1, 1, 1, 1, 1, 0, 0]",25,600,9
22,0,4.0,1033,0.17501954082399607,"[1, 0, 0, 0, 0, 1, 0, 1, 0, 0]",25,600,10
23,100,17.0,1138,0.20069616567343473,"[1, 0, 0, 1, 1, 1, 1, 1, 1, 1]",25,600,10
24,0,14.0,1138,0.2063114158809185,"[0, 1, 1, 1, 0, 1, 0, 0, 0, 0]",25,600,11
25,100,17.0,1240,0.23424174962565303,"[0, 1, 1, 0, 0, 0, 0, 0, 0, 0]",25,600,11
26,0,14.0,1240,0.24056583270430565,"[1, 1, 1, 1, 0, 0, 0, 1, 0, 0]",25,600,12
27,100,18.0,1343,0.27081420784816146,"[1, 1, 0, 0, 0, 0, 0, 0, 0, 0]",25,600,12
28,0,4.0,1343,0.2772464998997748,"[1, 0, 1, 0, 0, 0, 0, 1, 0, 0]",25,600,13
29,100,10.0,1446,0.30973787466064095,"[0, 0, 0, 0, 0, 0, 0, 0, 0, 0]",25,600,13
30,0,14.0,1446,0.3164019579999149,"[0, 0, 0, 0, 1, 1, 0, 0, 1, 0]",25,600,14
31,100,14.0,1546,0.3511168328113854,"[0, 0, 0, 0, 1, 1, 0, 0, 1, 0]",25,600,14
32,0,12.0,1546,0.358132790774107,"[1, 1, 0, 1, 1, 0, 0, 1, 0, 1]",25,600,15
33,100,18.0,1652,0.39513499988242984,"[1, 1, 0, 0, 0, 0, 0, 0, 0, 0]",25,600,15
34,0,12.0,1652,0.4024868328124285,"[0, 1, 1, 0, 1, 0, 1, 0, 0, 1]",25,600,16
35,100,17.0,1755,0.44147579092532396,"[0, 1, 1, 0, 0, 0, 0, 0, 0, 0]",25,600,16
36,0,7.0,1755,0.44932091562077403,"[1, 0, 0, 0, 0, 0, 0, 0, 1, 0]",25,600,17
37,100,18.0,1857,0.49084583297371864,"[0, 0, 0, 0, 0, 0, 0, 0, 1, 1]",25,600,17
38,0,6.0,1857,0.4989957078360021,"[0, 1, 0, 0, 0, 0, 0, 0, 1, 0]",25,600,18
39,100,17.0,1959,0.5428059576079249,"[0, 0, 0, 0, 0, 0, 0, 1, 1, 0]",25,600,18
40,0,12.0,1959,0.5512797497212887,"[0, 1, 1, 0, 1, 1, 0, 1, 0, 0]",25,600,19
41,100,18.0,2062,0.5975072495639324,"[1, 1, 1, 1, 1, 1, 1, 1, 0, 0]",25,600,19
42,0,13.0,2062,0.6068934579379857,"[0, 0, 0, 1, 0, 1, 0, 1, 1, 1]",25,600,20
43,100,18.0,2165,0.6552689578384161,"[0, 0, 1, 1, 1, 1, 1, 1, 1, 1]",25,600,20
44,0,13.0,2165,0.6642772909253836,"[0, 0, 0, 1, 0, 1, 1, 0, 0, 0]",25,600,21
45,100,15.0,2266,0.7147807497531176,"[0, 0, 0, 0, 0, 1, 1, 0, 0, 0]",25,600,21
46,0,14.0,2266,0.7241525407880545,"[0, 1, 0, 1, 0, 0, 1, 1, 1, 1]",25,600,22
47,100,14.0,2366,0.7768612075597048,"[0, 1, 0, 1, 0, 0, 1, 1, 1, 1]",25,600,22
48,0,3.0,2366,0.7865352495573461,"[0, 1, 1, 0, 1, 0, 1, 1, 1, 0]",25,600,23
49,100,16.0,2469,0.841535999905318,"[0, 1, 0, 0, 1, 1, 1, 1, 1, 1]",25,600,23
50,0,3.0,2469,0.8515277910046279,"[1, 0, 0, 1, 0, 1, 0, 0, 0, 1]",25,600,24
51,100,15.0,2572,0.9083988326601684,"[0, 0, 0, 0, 0, 1, 1, 0, 0, 1]",25,600,24
52,0,13.0,2572,0.9187871655449271,"[0, 0, 0, 1, 1, 0, 1, 0, 1, 1]",25,600,25
53,100,18.0,2675,0.9787726658396423,"[0, 0, 1, 1, 1, 1, 1, 1, 1, 1]",25,600,25
54,0,14.0,0,4.5958440750837326e-05,"[1, 0, 0, 0, 0, 1, 1, 1, 1, 0]",75,600,0
55,100,17.0,103,0.012561000417917967,"[1, 0, 0, 1, 1, 1, 1, 1, 1, 1]",75,600,0
56,0,12.0,103,0.023630124982446432,"[1, 0, 0, 1, 0, 1, 1, 0, 1, 1]",75,600,1
57,100,18.0,207,0.038194708060473204,"[0, 0, 0, 0, 0, 0, 0, 0, 1, 1]",75,600,1
58,0,12.0,207,0.04966250015422702,"[1, 1, 0, 0, 1, 0, 1, 0, 1, 0]",75,600,2
59,100,16.0,310,0.06648804200813174,"[1, 1, 0, 0, 1, 1, 1, 1, 1, 1]",75,600,2
60,0,12.0,310,0.0796977924183011,"[1, 0, 0, 1, 0, 0, 1, 1, 0, 1]",75,600,3
61,100,17.0,413,0.09931358322501183,"[1, 0, 0, 1, 1, 1, 1, 1, 1, 1]",75,600,3
62,0,13.0,413,0.11181120807304978,"[0, 1, 1, 1, 0, 0, 1, 1, 1, 0]",75,600,4
63,100,14.0,514,0.1333158751949668,"[0, 1, 1, 1, 0, 0, 1, 1, 1, 1]",75,600,4
64,0,4.0,514,0.14613550016656518,"[0, 1, 0, 1, 0, 1, 1, 1, 1, 0]",75,600,5
65,100,18.0,618,0.16993720829486847,"[1, 1, 1, 1, 1, 1, 1, 1, 0, 0]",75,600,5
66,0,13.0,618,0.183123083319515,"[1, 1, 1, 0, 1, 0, 0, 0, 1, 1]",75,600,6
67,100,18.0,722,0.20915679214522243,"[1, 1, 0, 0, 0, 0, 0, 0, 0, 0]",75,600,6
68,0,13.0,722,0.22291441727429628,"[1, 1, 0, 1, 1, 1, 0, 0, 0, 1]",75,600,7
69,100,18.0,826,0.2511680000461638,"[1, 1, 0, 0, 0, 0, 0, 0, 0, 0]",75,600,7
70,0,2.0,826,0.2652552081272006,"[1, 0, 1, 0, 1, 0, 1, 0, 0, 1]",75,600,8
71,100,18.0,931,0.2957465830259025,"[1, 1, 0, 0, 0, 0, 0, 0, 0, 0]",75,600,8
72,0,8.0,931,0.30977175012230873,"[0, 1, 1, 1, 1, 1, 1, 1, 1, 0]",75,600,9
73,100,18.0,1033,0.34256591740995646,"[1, 1, 1, 1, 1, 1, 1, 1, 0, 0]",75,600,9
74,0,4.0,1033,0.357104292139411,"[1, 0, 0, 0, 0, 1, 0, 1, 0, 0]",75,600,10
75,100,17.0,1138,0.39236775040626526,"[1, 0, 0, 1, 1, 1, 1, 1, 1, 1]",75,600,10
76,0,14.0,1138,0.40727233327925205,"[0, 1, 1, 1, 0, 1, 0, 0, 0, 0]",75,600,11
77,100,17.0,1240,0.44427379220724106,"[0, 1, 1, 0, 0, 0, 0, 0, 0, 0]",75,600,11
78,0,14.0,1240,0.45950975036248565,"[1, 1, 1, 1, 0, 0, 0, 1, 0, 0]",75,600,12
79,100,18.0,1343,0.4989622919820249,"[1, 1, 0, 0, 0, 0, 0, 0, 0, 0]",75,600,12
80,0,4.0,1343,0.5144912921823561,"[1, 0, 1, 0, 0, 0, 0, 1, 0, 0]",75,600,13
81,100,10.0,1446,0.5562016670592129,"[0, 0, 0, 0, 0, 0, 0, 0, 0, 0]",75,600,13
82,0,14.0,1446,0.5721854171715677,"[0, 0, 0, 0, 1, 1, 0, 0, 1, 0]",75,600,14
83,100,14.0,1546,0.6160935000516474,"[0, 0, 0, 0, 1, 1, 0, 0, 1, 0]",75,600,14
84,0,12.0,1546,0.6340370001271367,"[1, 1, 0, 1, 1, 0, 0, 1, 0, 1]",75,600,15
85,100,18.0,1652,0.6812527501024306,"[1, 1, 0, 0, 0, 0, 0, 0, 0, 0]",75,600,15
86,0,12.0,1652,0.6979254581965506,"[0, 1, 1, 0, 1, 0, 1, 0, 0, 1]",75,600,16
87,100,17.0,1755,0.746538792271167,"[0, 1, 1, 0, 0, 0, 0, 0, 0, 0]",75,600,16
88,0,7.0,1755,0.7634374583140016,"[1, 0, 0, 0, 0, 0, 0, 0, 1, 0]",75,600,17
89,100,18.0,1857,0.8145910003222525,"[0, 0, 0, 0, 0, 0, 0, 0, 1, 1]",75,600,17
90,0,6.0,1857,0.8320894171483815,"[0, 1, 0, 0, 0, 0, 0, 0, 1, 0]",75,600,18
91,100,17.0,1959,0.8850972922518849,"[0, 0, 0, 0, 0, 0, 0, 1, 1, 0]",75,600,18
92,0,12.0,1959,0.9027280830778182,"[0, 1, 1, 0, 1, 1, 0, 1, 0, 0]",75,600,19
93,100,18.0,2062,0.9579209173098207,"[1, 1, 1, 1, 1, 1, 1, 1, 0, 0]",75,600,19
94,0,13.0,2062,0.9758425420150161,"[0, 0, 0, 1, 0, 1, 0, 1, 1, 1]",75,600,20
95,100,18.0,2165,1.033650167286396,"[0, 0, 1, 1, 1, 1, 1, 1, 1, 1]",75,600,20
96,0,13.0,2165,1.0518772504292428,"[0, 0, 0, 1, 0, 1, 1, 0, 0, 0]",75,600,21
97,100,15.0,2266,1.1119715832173824,"[0, 0, 0, 0, 0, 1, 1, 0, 0, 0]",75,600,21
98,0,14.0,2266,1.1312127923592925,"[0, 1, 0, 1, 0, 0, 1, 1, 1, 1]",75,600,22
99,100,14.0,2366,1.1949001671746373,"[0, 1, 0, 1, 0, 0, 1, 1, 1, 1]",75,600,22
100,0,3.0,2366,1.2156320423819125,"[0, 1, 1, 0, 1, 0, 1, 1, 1, 0]",75,600,23
101,100,16.0,2469,1.2798555004410446,"[0, 1, 0, 0, 1, 1, 1, 1, 1, 1]",75,600,23
102,0,3.0,2469,1.2999982084147632,"[1, 0, 0, 1, 0, 1, 0, 0, 0, 1]",75,600,24
103,100,15.0,2572,1.3664899170398712,"[0, 0, 0, 0, 0, 1, 1, 0, 0, 1]",75,600,24
104,0,13.0,2572,1.386469708289951,"[0, 0, 0, 1, 1, 0, 1, 0, 1, 1]",75,600,25
105,100,18.0,2675,1.45540358312428,"[0, 0, 1, 1, 1, 1, 1, 1, 1, 1]",75,600,25
106,0,14.0,2675,1.475652042310685,"[1, 1, 0, 0, 0, 1, 1, 1, 1, 0]",75,600,26
107,100,16.0,2777,1.5468707922846079,"[1, 1, 0, 0, 1, 1, 1, 1, 1, 1]",75,600,26
108,0,12.0,2777,1.5674948752857745,"[1, 1, 0, 0, 1, 0, 1, 0, 0, 1]",75,600,27
109,100,18.0,2880,1.64101408328861,"[1, 1, 0, 0, 0, 0, 0, 0, 0, 0]",75,600,27
110,0,13.0,2880,1.6622570832259953,"[0, 0, 0, 1, 1, 0, 1, 1, 0, 0]",75,600,28
111,100,18.0,2984,1.7388674174435437,"[0, 0, 1, 1, 1, 1, 1, 1, 1, 1]",75,600,28
112,0,15.0,2984,1.7607035003602505,"[0, 1, 0, 0, 0, 1, 1, 1, 1, 1]",75,600,29
113,100,16.0,3085,1.8390705003403127,"[0, 1, 0, 0, 1, 1, 1, 1, 1, 1]",75,600,29
114,0,12.0,3085,1.8613874171860516,"[1, 1, 0, 1, 1, 0, 1, 1, 0, 0]",75,600,30
115,100,18.0,3187,1.9419764173217118,"[1, 1, 1, 1, 1, 1, 1, 1, 0, 0]",75,600,30
116,0,13.0,3187,1.9643269581720233,"[1, 0, 1, 1, 0, 0, 0, 1, 0, 0]",75,600,31
117,100,18.0,3291,2.046635332982987,"[1, 1, 0, 0, 0, 0, 0, 0, 0, 0]",75,600,31
118,0,13.0,3291,2.069280625320971,"[0, 0, 0, 1, 1, 0, 1, 0, 1, 1]",75,600,32
119,100,18.0,3394,2.154482708312571,"[0, 0, 1, 1, 1, 1, 1, 1, 1, 1]",75,600,32
120,0,14.0,3394,2.177974082995206,"[0, 1, 1, 0, 0, 0, 0, 1, 1, 1]",75,600,33
121,100,17.0,3497,2.264907375443727,"[0, 1, 1, 0, 0, 0, 0, 0, 0, 0]",75,600,33
122,0,13.0,3497,2.288522208109498,"[0, 1, 0, 0, 0, 1, 1, 0, 1, 0]",75,600,34
123,100,15.0,3598,2.3781067919917405,"[0, 0, 0, 0, 0, 1, 1, 0, 1, 0]",75,600,34
124,0,14.0,3598,2.401886750012636,"[1, 1, 1, 1, 0, 0, 1, 0, 1, 1]",75,600,35
125,100,14.0,3698,2.4937758753076196,"[1, 1, 1, 1, 0, 0, 1, 0, 1, 1]",75,600,35
126,0,12.0,3698,2.518595208413899,"[0, 1, 1, 0, 1, 0, 0, 1, 0, 1]",75,600,36
127,100,15.0,3801,2.612726917024702,"[1, 1, 1, 1, 1, 0, 0, 1, 1, 1]",75,600,36
128,0,4.0,3801,2.637440458405763,"[0, 1, 0, 1, 1, 0, 1, 1, 1, 1]",75,600,37
129,100,15.0,3904,2.7337057082913816,"[1, 1, 1, 1, 1, 0, 0, 1, 1, 1]",75,600,37
130,0,14.0,3904,2.7586190421134233,"[1, 0, 0, 1, 1, 1, 1, 0, 0, 0]",75,600,38
131,100,17.0,4007,2.8572122920304537,"[1, 0, 0, 1, 1, 1, 1, 1, 1, 1]",75,600,38
132,0,14.0,4007,2.8824369171634316,"[1, 0, 0, 1, 1, 1, 0, 0, 0, 0]",75,600,39
133,100,15.0,4108,2.982633250299841,"[1, 0, 0, 1, 1, 0, 0, 0, 0, 0]",75,600,39
134,0,3.0,4108,3.0083225830458105,"[0, 1, 0, 1, 0, 0, 0, 1, 0, 1]",75,600,40
135,100,15.0,4212,3.1113678752444685,"[1, 1, 1, 1, 1, 0, 0, 1, 1, 1]",75,600,40
136,0,13.0,4212,3.1383024170063436,"[0, 0, 0, 1, 0, 0, 1, 1, 1, 0]",75,600,41
137,100,18.0,4316,3.2443524580448866,"[0, 0, 1, 1, 1, 1, 1, 1, 1, 1]",75,600,41
138,0,16.0,4316,3.272810417227447,"[0, 0, 0, 0, 0, 0, 1, 1, 1, 1]",75,600,42
139,100,18.0,4418,3.381164333317429,"[0, 0, 0, 0, 0, 0, 0, 0, 1, 1]",75,600,42
140,0,4.0,4418,3.408095875289291,"[1, 1, 1, 1, 0, 1, 0, 1, 1, 1]",75,600,43
141,100,18.0,4524,3.5180773329921067,"[0, 0, 0, 0, 0, 0, 0, 0, 1, 1]",75,600,43
142,0,13.0,4524,3.5465767923742533,"[0, 0, 1, 1, 1, 0, 1, 0, 1, 1]",75,600,44
143,100,18.0,4626,3.66124266711995,"[0, 0, 1, 1, 1, 1, 1, 1, 1, 1]",75,600,44
144,0,15.0,4626,3.690704167354852,"[0, 1, 1, 1, 1, 1, 0, 0, 0, 0]",75,600,45
145,100,18.0,4729,3.8064154172316194,"[1, 1, 1, 1, 1, 1, 1, 1, 0, 0]",75,600,45
146,0,3.0,4729,3.835492542013526,"[1, 1, 0, 1, 1, 1, 0, 1, 0, 1]",75,600,46
147,100,18.0,4832,3.95648091705516,"[1, 1, 1, 1, 1, 1, 1, 1, 0, 0]",75,600,46
148,0,14.0,4832,3.985576208215207,"[1, 1, 0, 1, 1, 0, 0, 0, 0, 1]",75,600,47
149,100,18.0,4935,4.104996500071138,"[1, 1, 0, 0, 0, 0, 0, 0, 0, 0]",75,600,47
150,0,13.0,4935,4.134455667342991,"[0, 0, 1, 0, 0, 0, 1, 0, 1, 1]",75,600,48
151,100,18.0,5037,4.255883750040084,"[0, 0, 0, 0, 0, 0, 0, 0, 1, 1]",75,600,48
152,0,3.0,5037,4.286079999990761,"[0, 1, 0, 1, 1, 0, 1, 1, 1, 0]",75,600,49
153,100,15.0,5140,4.411309958435595,"[1, 1, 1, 1, 1, 0, 0, 1, 1, 0]",75,600,49
154,0,14.0,5140,4.44192241737619,"[1, 0, 0, 1, 1, 1, 1, 0, 0, 1]",75,600,50
155,100,17.0,5242,4.567894082982093,"[1, 0, 0, 1, 1, 1, 1, 1, 1, 1]",75,600,50
156,0,13.0,5242,4.598489542026073,"[1, 0, 0, 1, 1, 1, 0, 0, 1, 0]",75,600,51
157,100,16.0,5344,4.726918542291969,"[1, 1, 1, 1, 1, 1, 0, 0, 1, 0]",75,600,51
158,0,2.0,5344,4.757563250139356,"[0, 1, 1, 0, 1, 1, 0, 1, 1, 0]",75,600,52
159,100,17.0,5450,4.887696583289653,"[0, 1, 1, 0, 0, 0, 0, 0, 0, 0]",75,600,52
160,0,4.0,5450,4.918211167212576,"[0, 0, 1, 0, 0, 0, 0, 1, 0, 1]",75,600,53
161,100,16.0,5553,5.050566375255585,"[0, 0, 1, 1, 0, 0, 0, 0, 0, 0]",75,600,53
162,0,14.0,5553,5.08146066730842,"[0, 0, 0, 0, 1, 0, 1, 1, 1, 0]",75,600,54
163,100,17.0,5655,5.215918208006769,"[0, 0, 0, 0, 0, 0, 0, 1, 1, 0]",75,600,54
164,0,16.0,5655,5.247329375240952,"[0, 0, 1, 1, 1, 1, 1, 1, 0, 0]",75,600,55
165,100,18.0,5757,5.386320000048727,"[1, 1, 1, 1, 1, 1, 1, 1, 0, 0]",75,600,55
166,0,13.0,5757,5.419405083172023,"[1, 0, 0, 1, 0, 0, 0, 1, 1, 0]",75,600,56
167,100,17.0,5859,5.610694042406976,"[0, 0, 0, 0, 0, 0, 0, 1, 1, 0]",75,600,56
168,0,13.0,5859,5.644371500238776,"[0, 0, 1, 1, 1, 0, 0, 1, 1, 0]",75,600,57
169,100,15.0,5961,5.7861275831237435,"[1, 1, 1, 1, 1, 0, 0, 1, 1, 0]",75,600,57
170,0,13.0,5961,5.81894062506035,"[0, 0, 1, 0, 1, 1, 0, 0, 0, 1]",75,600,58
171,100,14.0,6062,5.962716917041689,"[0, 0, 1, 0, 1, 1, 0, 0, 0, 0]",75,600,58
172,0,14.0,6062,5.995697417296469,"[0, 1, 1, 1, 1, 0, 0, 0, 1, 0]",75,600,59
173,100,16.0,6164,6.142443750053644,"[1, 1, 1, 1, 1, 1, 0, 0, 1, 0]",75,600,59
174,0,12.0,6164,6.176532625220716,"[0, 1, 0, 1, 1, 0, 0, 1, 1, 0]",75,600,60
175,100,17.0,6267,6.325453125406057,"[0, 0, 0, 0, 0, 0, 0, 1, 1, 0]",75,600,60
176,0,3.0,6267,6.359859125223011,"[0, 1, 1, 0, 1, 1, 1, 0, 1, 0]",75,600,61
177,100,15.0,6370,6.514954417012632,"[0, 1, 1, 0, 0, 1, 1, 1, 1, 1]",75,600,61
178,0,14.0,6370,6.549776000436395,"[0, 1, 1, 1, 1, 0, 1, 0, 0, 0]",75,600,62
179,100,17.0,6473,6.701413000002503,"[0, 1, 1, 0, 0, 0, 0, 0, 0, 0]",75,600,62
180,0,16.0,6473,6.735281458124518,"[1, 1, 1, 0, 0, 0, 0, 0, 0, 1]",75,600,63
181,100,18.0,6575,6.890182917006314,"[1, 1, 0, 0, 0, 0, 0, 0, 0, 0]",75,600,63
182,0,12.0,6575,6.924427625257522,"[0, 1, 0, 0, 1, 1, 0, 0, 1, 0]",75,600,64
183,100,15.0,6678,7.081554125063121,"[0, 1, 0, 1, 1, 0, 0, 0, 0, 0]",75,600,64
184,0,13.0,6678,7.117573750205338,"[0, 1, 1, 1, 0, 0, 1, 0, 1, 1]",75,600,65
185,100,17.0,6782,7.277424292173237,"[0, 1, 1, 0, 0, 0, 0, 0, 0, 0]",75,600,65
186,0,13.0,6782,7.313203750178218,"[1, 1, 1, 0, 0, 1, 0, 1, 1, 1]",75,600,66
187,100,15.0,6883,7.477088333107531,"[1, 1, 1, 0, 0, 1, 1, 1, 1, 1]",75,600,66
188,0,13.0,6883,7.513487417250872,"[0, 0, 1, 1, 1, 0, 0, 0, 1, 0]",75,600,67
189,100,16.0,6985,7.678531375247985,"[0, 0, 1, 1, 0, 0, 0, 0, 0, 0]",75,600,67
190,0,16.0,6985,7.715559083037078,"[1, 0, 0, 1, 1, 1, 1, 1, 1, 0]",75,600,68
191,100,17.0,7086,7.881726042367518,"[1, 0, 0, 1, 1, 1, 1, 1, 1, 1]",75,600,68
192,0,4.0,7086,7.9177809581160545,"[1, 0, 1, 0, 1, 1, 1, 1, 0, 1]",75,600,69
193,100,18.0,7189,8.085440958384424,"[0, 0, 1, 1, 1, 1, 1, 1, 1, 1]",75,600,69
194,0,15.0,7189,8.122571000363678,"[0, 0, 0, 1, 1, 0, 0, 0, 0, 0]",75,600,70
195,100,15.0,7289,8.29380579199642,"[0, 0, 0, 1, 1, 0, 0, 0, 0, 0]",75,600,70
196,0,13.0,7289,8.331894583068788,"[0, 1, 0, 1, 0, 0, 0, 1, 1, 0]",75,600,71
197,100,17.0,7391,8.505465750116855,"[0, 0, 0, 0, 0, 0, 0, 1, 1, 0]",75,600,71
198,0,14.0,7391,8.543430750258267,"[1, 1, 1, 0, 1, 0, 0, 0, 0, 1]",75,600,72
199,100,17.0,7494,8.718832208309323,"[1, 1, 1, 1, 1, 1, 1, 0, 0, 1]",75,600,72
200,0,12.0,7494,8.75680054211989,"[1, 1, 0, 1, 0, 1, 0, 0, 1, 0]",75,600,73
201,100,16.0,7596,8.934822000097483,"[1, 1, 1, 1, 1, 1, 0, 0, 1, 0]",75,600,73
202,0,14.0,7596,8.972729000262916,"[0, 1, 1, 1, 0, 1, 0, 0, 0, 0]",75,600,74
203,100,18.0,7700,9.15193008305505,"[1, 1, 1, 1, 1, 1, 1, 1, 0, 0]",75,600,74
204,0,9.0,7700,9.19112529233098,"[1, 0, 0, 0, 0, 0, 0, 0, 0, 0]",75,600,75
205,100,10.0,7801,9.373728250153363,"[0, 0, 0, 0, 0, 0, 0, 0, 0, 0]",75,600,75
206,0,14.0,0,7.520895451307297e-05,"[1, 0, 0, 0, 0, 1, 1, 1, 1, 0]",100,600,0
207,100,17.0,103,0.04153395909816027,"[1, 0, 0, 1, 1, 1, 1, 1, 1, 1]",100,600,0
208,0,12.0,103,0.08105750009417534,"[1, 0, 0, 1, 0, 1, 1, 0, 1, 1]",100,600,1
209,100,18.0,207,0.12379762483760715,"[0, 0, 0, 0, 0, 0, 0, 0, 1, 1]",100,600,1
210,0,12.0,207,0.16346029192209244,"[1, 1, 0, 0, 1, 0, 1, 0, 1, 0]",100,600,2
211,100,16.0,310,0.2085316670127213,"[1, 1, 0, 0, 1, 1, 1, 1, 1, 1]",100,600,2
212,0,12.0,310,0.24897658405825496,"[1, 0, 0, 1, 0, 0, 1, 1, 0, 1]",100,600,3
213,100,17.0,413,0.29628062481060624,"[1, 0, 0, 1, 1, 1, 1, 1, 1, 1]",100,600,3
214,0,13.0,413,0.3366573336534202,"[0, 1, 1, 1, 0, 0, 1, 1, 1, 0]",100,600,4
215,100,14.0,514,0.3853982500731945,"[0, 1, 1, 1, 0, 0, 1, 1, 1, 1]",100,600,4
216,0,4.0,514,0.4258466246537864,"[0, 1, 0, 1, 0, 1, 1, 1, 1, 0]",100,600,5
217,100,18.0,618,0.47703174967318773,"[1, 1, 1, 1, 1, 1, 1, 1, 0, 0]",100,600,5
218,0,13.0,618,0.5181184997782111,"[1, 1, 1, 0, 1, 0, 0, 0, 1, 1]",100,600,6
219,100,18.0,722,0.574559083674103,"[1, 1, 0, 0, 0, 0, 0, 0, 0, 0]",100,600,6
220,0,13.0,722,0.6168570420704782,"[1, 1, 0, 1, 1, 1, 0, 0, 0, 1]",100,600,7
221,100,18.0,826,0.6730340840294957,"[1, 1, 0, 0, 0, 0, 0, 0, 0, 0]",100,600,7
222,0,2.0,826,0.7152194166556001,"[1, 0, 1, 0, 1, 0, 1, 0, 0, 1]",100,600,8
223,100,18.0,931,0.7733842087909579,"[1, 1, 0, 0, 0, 0, 0, 0, 0, 0]",100,600,8
224,0,8.0,931,0.8156692497432232,"[0, 1, 1, 1, 1, 1, 1, 1, 1, 0]",100,600,9
225,100,18.0,1033,0.8767915838398039,"[1, 1, 1, 1, 1, 1, 1, 1, 0, 0]",100,600,9
226,0,4.0,1033,0.9199825418181717,"[1, 0, 0, 0, 0, 1, 0, 1, 0, 0]",100,600,10
227,100,17.0,1138,0.9832919589243829,"[1, 0, 0, 1, 1, 1, 1, 1, 1, 1]",100,600,10
228,0,14.0,1138,1.0262815416790545,"[0, 1, 1, 1, 0, 1, 0, 0, 0, 0]",100,600,11
229,100,17.0,1240,1.0924290418624878,"[0, 1, 1, 0, 0, 0, 0, 0, 0, 0]",100,600,11
230,0,14.0,1240,1.135708708781749,"[1, 1, 1, 1, 0, 0, 0, 1, 0, 0]",100,600,12
231,100,18.0,1343,1.203995999880135,"[1, 1, 0, 0, 0, 0, 0, 0, 0, 0]",100,600,12
232,0,4.0,1343,1.2500385837629437,"[1, 0, 1, 0, 0, 0, 0, 1, 0, 0]",100,600,13
233,100,10.0,1446,1.3202084167860448,"[0, 0, 0, 0, 0, 0, 0, 0, 0, 0]",100,600,13
234,0,14.0,1446,1.363950083963573,"[0, 0, 0, 0, 1, 1, 0, 0, 1, 0]",100,600,14
235,100,14.0,1546,1.4363592090085149,"[0, 0, 0, 0, 1, 1, 0, 0, 1, 0]",100,600,14
236,0,12.0,1546,1.4804361667484045,"[1, 1, 0, 1, 1, 0, 0, 1, 0, 1]",100,600,15
237,100,18.0,1652,1.5553472498431802,"[1, 1, 0, 0, 0, 0, 0, 0, 0, 0]",100,600,15
238,0,12.0,1652,1.599882666952908,"[0, 1, 1, 0, 1, 0, 1, 0, 0, 1]",100,600,16
239,100,17.0,1755,1.676720208954066,"[0, 1, 1, 0, 0, 0, 0, 0, 0, 0]",100,600,16
240,0,7.0,1755,1.722942833788693,"[1, 0, 0, 0, 0, 0, 0, 0, 1, 0]",100,600,17
241,100,18.0,1857,1.802504084073007,"[0, 0, 0, 0, 0, 0, 0, 0, 1, 1]",100,600,17
242,0,6.0,1857,1.848591959103942,"[0, 1, 0, 0, 0, 0, 0, 0, 1, 0]",100,600,18
243,100,17.0,1959,1.9305530837737024,"[0, 0, 0, 0, 0, 0, 0, 1, 1, 0]",100,600,18
244,0,12.0,1959,1.9761395840905607,"[0, 1, 1, 0, 1, 1, 0, 1, 0, 0]",100,600,19
245,100,18.0,2062,2.060198334045708,"[1, 1, 1, 1, 1, 1, 1, 1, 0, 0]",100,600,19
246,0,13.0,2062,2.108389041852206,"[0, 0, 0, 1, 0, 1, 0, 1, 1, 1]",100,600,20
247,100,18.0,2165,2.194335584063083,"[0, 0, 1, 1, 1, 1, 1, 1, 1, 1]",100,600,20
248,0,13.0,2165,2.242296958807856,"[0, 0, 0, 1, 0, 1, 1, 0, 0, 0]",100,600,21
249,100,15.0,2266,2.3312999168410897,"[0, 0, 0, 0, 0, 1, 1, 0, 0, 0]",100,600,21
250,0,14.0,2266,2.3780683339573443,"[0, 1, 0, 1, 0, 0, 1, 1, 1, 1]",100,600,22
251,100,14.0,2366,2.4686364168301225,"[0, 1, 0, 1, 0, 0, 1, 1, 1, 1]",100,600,22
252,0,3.0,2366,2.5158521248959005,"[0, 1, 1, 0, 1, 0, 1, 1, 1, 0]",100,600,23
253,100,16.0,2469,2.6086915000341833,"[0, 1, 0, 0, 1, 1, 1, 1, 1, 1]",100,600,23
254,0,3.0,2469,2.6564751667901874,"[1, 0, 0, 1, 0, 1, 0, 0, 0, 1]",100,600,24
255,100,15.0,2572,2.7523279590532184,"[0, 0, 0, 0, 0, 1, 1, 0, 0, 1]",100,600,24
256,0,13.0,2572,2.8004260840825737,"[0, 0, 0, 1, 1, 0, 1, 0, 1, 1]",100,600,25
257,100,18.0,2675,2.8978524170815945,"[0, 0, 1, 1, 1, 1, 1, 1, 1, 1]",100,600,25
258,0,14.0,2675,2.946415917016566,"[1, 1, 0, 0, 0, 1, 1, 1, 1, 0]",100,600,26
259,100,16.0,2777,3.0454957499168813,"[1, 1, 0, 0, 1, 1, 1, 1, 1, 1]",100,600,26
260,0,12.0,2777,3.094448084011674,"[1, 1, 0, 0, 1, 0, 1, 0, 0, 1]",100,600,27
261,100,18.0,2880,3.1957247499376535,"[1, 1, 0, 0, 0, 0, 0, 0, 0, 0]",100,600,27
262,0,13.0,2880,3.247990416828543,"[0, 0, 0, 1, 1, 0, 1, 1, 0, 0]",100,600,28
263,100,18.0,2984,3.3521500839851797,"[0, 0, 1, 1, 1, 1, 1, 1, 1, 1]",100,600,28
264,0,15.0,2984,3.401761708781123,"[0, 1, 0, 0, 0, 1, 1, 1, 1, 1]",100,600,29
265,100,16.0,3085,3.5082736667245626,"[0, 1, 0, 0, 1, 1, 1, 1, 1, 1]",100,600,29
266,0,12.0,3085,3.557995041832328,"[1, 1, 0, 1, 1, 0, 1, 1, 0, 0]",100,600,30
267,100,18.0,3187,3.6666674590669572,"[1, 1, 1, 1, 1, 1, 1, 1, 0, 0]",100,600,30
268,0,13.0,3187,3.720200666692108,"[1, 0, 1, 1, 0, 0, 0, 1, 0, 0]",100,600,31
269,100,18.0,3291,3.8319379170425236,"[1, 1, 0, 0, 0, 0, 0, 0, 0, 0]",100,600,31
270,0,13.0,3291,3.88381720893085,"[0, 0, 0, 1, 1, 0, 1, 0, 1, 1]",100,600,32
271,100,18.0,3394,3.9977441667579114,"[0, 0, 1, 1, 1, 1, 1, 1, 1, 1]",100,600,32
272,0,14.0,3394,4.049661749973893,"[0, 1, 1, 0, 0, 0, 0, 1, 1, 1]",100,600,33
273,100,17.0,3497,4.165756208822131,"[0, 1, 1, 0, 0, 0, 0, 0, 0, 0]",100,600,33
274,0,13.0,3497,4.218410458881408,"[0, 1, 0, 0, 0, 1, 1, 0, 1, 0]",100,600,34
275,100,15.0,3598,4.336878249887377,"[0, 0, 0, 0, 0, 1, 1, 0, 1, 0]",100,600,34
276,0,14.0,3598,4.388856667093933,"[1, 1, 1, 1, 0, 0, 1, 0, 1, 1]",100,600,35
277,100,14.0,3698,4.50941237481311,"[1, 1, 1, 1, 0, 0, 1, 0, 1, 1]",100,600,35
278,0,12.0,3698,4.561881999950856,"[0, 1, 1, 0, 1, 0, 0, 1, 0, 1]",100,600,36
279,100,15.0,3801,4.6844127918593585,"[1, 1, 1, 1, 1, 0, 0, 1, 1, 1]",100,600,36
280,0,4.0,3801,4.737581334076822,"[0, 1, 0, 1, 1, 0, 1, 1, 1, 1]",100,600,37
281,100,15.0,3904,4.861685583833605,"[1, 1, 1, 1, 1, 0, 0, 1, 1, 1]",100,600,37
282,0,14.0,3904,4.915488791652024,"[1, 0, 0, 1, 1, 1, 1, 0, 0, 0]",100,600,38
283,100,17.0,4007,5.044158041942865,"[1, 0, 0, 1, 1, 1, 1, 1, 1, 1]",100,600,38
284,0,14.0,4007,5.0980132087133825,"[1, 0, 0, 1, 1, 1, 0, 0, 0, 0]",100,600,39
285,100,15.0,4108,5.226997666992247,"[1, 0, 0, 1, 1, 0, 0, 0, 0, 0]",100,600,39
286,0,3.0,4108,5.281829041894525,"[0, 1, 0, 1, 0, 0, 0, 1, 0, 1]",100,600,40
287,100,15.0,4212,5.4133075419813395,"[1, 1, 1, 1, 1, 0, 0, 1, 1, 1]",100,600,40
288,0,13.0,4212,5.46741829207167,"[0, 0, 0, 1, 0, 0, 1, 1, 1, 0]",100,600,41
289,100,18.0,4316,5.600942916702479,"[0, 0, 1, 1, 1, 1, 1, 1, 1, 1]",100,600,41
290,0,16.0,4316,5.655694416724145,"[0, 0, 0, 0, 0, 0, 1, 1, 1, 1]",100,600,42
291,100,18.0,4418,5.79282679175958,"[0, 0, 0, 0, 0, 0, 0, 0, 1, 1]",100,600,42
292,0,4.0,4418,5.855316000059247,"[1, 1, 1, 1, 0, 1, 0, 1, 1, 1]",100,600,43
293,100,18.0,4524,5.993688291870058,"[0, 0, 0, 0, 0, 0, 0, 0, 1, 1]",100,600,43
294,0,13.0,4524,6.048966499976814,"[0, 0, 1, 1, 1, 0, 1, 0, 1, 1]",100,600,44
295,100,18.0,4626,6.189968708902597,"[0, 0, 1, 1, 1, 1, 1, 1, 1, 1]",100,600,44
296,0,15.0,4626,6.2476451667025685,"[0, 1, 1, 1, 1, 1, 0, 0, 0, 0]",100,600,45
297,100,18.0,4729,6.3914280836470425,"[1, 1, 1, 1, 1, 1, 1, 1, 0, 0]",100,600,45
298,0,3.0,4729,6.447637625038624,"[1, 1, 0, 1, 1, 1, 0, 1, 0, 1]",100,600,46
299,100,18.0,4832,6.592776083853096,"[1, 1, 1, 1, 1, 1, 1, 1, 0, 0]",100,600,46
300,0,14.0,4832,6.649108374956995,"[1, 1, 0, 1, 1, 0, 0, 0, 0, 1]",100,600,47
301,100,18.0,4935,6.797118041664362,"[1, 1, 0, 0, 0, 0, 0, 0, 0, 0]",100,600,47
302,0,13.0,4935,6.853530291933566,"[0, 0, 1, 0, 0, 0, 1, 0, 1, 1]",100,600,48
303,100,18.0,5037,7.002807124983519,"[0, 0, 0, 0, 0, 0, 0, 0, 1, 1]",100,600,48
304,0,3.0,5037,7.061742791905999,"[0, 1, 0, 1, 1, 0, 1, 1, 1, 0]",100,600,49
305,100,15.0,5140,7.214114208705723,"[1, 1, 1, 1, 1, 0, 0, 1, 1, 0]",100,600,49
306,0,14.0,5140,7.271745292004198,"[1, 0, 0, 1, 1, 1, 1, 0, 0, 1]",100,600,50
307,100,17.0,5242,7.4248319999314845,"[1, 0, 0, 1, 1, 1, 1, 1, 1, 1]",100,600,50
308,0,13.0,5242,7.482391208875924,"[1, 0, 0, 1, 1, 1, 0, 0, 1, 0]",100,600,51
309,100,16.0,5344,7.6387394168414176,"[1, 1, 1, 1, 1, 1, 0, 0, 1, 0]",100,600,51
310,0,2.0,5344,7.697650749702007,"[0, 1, 1, 0, 1, 1, 0, 1, 1, 0]",100,600,52
311,100,17.0,5450,7.85570870898664,"[0, 1, 1, 0, 0, 0, 0, 0, 0, 0]",100,600,52
312,0,4.0,5450,7.914791666902602,"[0, 0, 1, 0, 0, 0, 0, 1, 0, 1]",100,600,53
313,100,16.0,5553,8.07551733404398,"[0, 0, 1, 1, 0, 0, 0, 0, 0, 0]",100,600,53
314,0,14.0,5553,8.134371624793857,"[0, 0, 0, 0, 1, 0, 1, 1, 1, 0]",100,600,54
315,100,17.0,5655,8.297844625078142,"[0, 0, 0, 0, 0, 0, 0, 1, 1, 0]",100,600,54
316,0,16.0,5655,8.357995416969061,"[0, 0, 1, 1, 1, 1, 1, 1, 0, 0]",100,600,55
317,100,18.0,5757,8.524092833977193,"[1, 1, 1, 1, 1, 1, 1, 1, 0, 0]",100,600,55
318,0,13.0,5757,8.583402249962091,"[1, 0, 0, 1, 0, 0, 0, 1, 1, 0]",100,600,56
319,100,17.0,5859,8.750710084103048,"[0, 0, 0, 0, 0, 0, 0, 1, 1, 0]",100,600,56
320,0,13.0,5859,8.811963291838765,"[0, 0, 1, 1, 1, 0, 0, 1, 1, 0]",100,600,57
321,100,15.0,5961,8.982444541994482,"[1, 1, 1, 1, 1, 0, 0, 1, 1, 0]",100,600,57
322,0,13.0,5961,9.043269000016153,"[0, 0, 1, 0, 1, 1, 0, 0, 0, 1]",100,600,58
323,100,14.0,6062,9.215046583674848,"[0, 0, 1, 0, 1, 1, 0, 0, 0, 0]",100,600,58
324,0,14.0,6062,9.276546208653599,"[0, 1, 1, 1, 1, 0, 0, 0, 1, 0]",100,600,59
325,100,16.0,6164,9.451765249948949,"[1, 1, 1, 1, 1, 1, 0, 0, 1, 0]",100,600,59
326,0,12.0,6164,9.5129529167898,"[0, 1, 0, 1, 1, 0, 0, 1, 1, 0]",100,600,60
327,100,17.0,6267,9.68918487476185,"[0, 0, 0, 0, 0, 0, 0, 1, 1, 0]",100,600,60
328,0,3.0,6267,9.751332583837211,"[0, 1, 1, 0, 1, 1, 1, 0, 1, 0]",100,600,61
329,100,15.0,6370,9.92938170908019,"[0, 1, 1, 0, 0, 1, 1, 1, 1, 1]",100,600,61
330,0,14.0,6370,9.99144749995321,"[0, 1, 1, 1, 1, 0, 1, 0, 0, 0]",100,600,62
331,100,17.0,6473,10.173718041740358,"[0, 1, 1, 0, 0, 0, 0, 0, 0, 0]",100,600,62
332,0,16.0,6473,10.238779542036355,"[1, 1, 1, 0, 0, 0, 0, 0, 0, 1]",100,600,63
333,100,18.0,6575,10.432605041656643,"[1, 1, 0, 0, 0, 0, 0, 0, 0, 0]",100,600,63
334,0,12.0,6575,10.499958708882332,"[0, 1, 0, 0, 1, 1, 0, 0, 1, 0]",100,600,64
335,100,15.0,6678,10.687200624961406,"[0, 1, 0, 1, 1, 0, 0, 0, 0, 0]",100,600,64
336,0,13.0,6678,10.751281458884478,"[0, 1, 1, 1, 0, 0, 1, 0, 1, 1]",100,600,65
337,100,17.0,6782,10.941280416678637,"[0, 1, 1, 0, 0, 0, 0, 0, 0, 0]",100,600,65
338,0,13.0,6782,11.005542499944568,"[1, 1, 1, 0, 0, 1, 0, 1, 1, 1]",100,600,66
339,100,15.0,6883,11.19698187476024,"[1, 1, 1, 0, 0, 1, 1, 1, 1, 1]",100,600,66
340,0,13.0,6883,11.262192458845675,"[0, 0, 1, 1, 1, 0, 0, 0, 1, 0]",100,600,67
341,100,16.0,6985,11.454281749669462,"[0, 0, 1, 1, 0, 0, 0, 0, 0, 0]",100,600,67
342,0,16.0,6985,11.518994208890945,"[1, 0, 0, 1, 1, 1, 1, 1, 1, 0]",100,600,68
343,100,17.0,7086,11.71405024966225,"[1, 0, 0, 1, 1, 1, 1, 1, 1, 1]",100,600,68
344,0,4.0,7086,11.778944541700184,"[1, 0, 1, 0, 1, 1, 1, 1, 0, 1]",100,600,69
345,100,18.0,7189,11.97656154166907,"[0, 0, 1, 1, 1, 1, 1, 1, 1, 1]",100,600,69
346,0,15.0,7189,12.04190641688183,"[0, 0, 0, 1, 1, 0, 0, 0, 0, 0]",100,600,70
347,100,15.0,7289,12.239857249893248,"[0, 0, 0, 1, 1, 0, 0, 0, 0, 0]",100,600,70
348,0,13.0,7289,12.305410374887288,"[0, 1, 0, 1, 0, 0, 0, 1, 1, 0]",100,600,71
349,100,17.0,7391,12.507474834099412,"[0, 0, 0, 0, 0, 0, 0, 1, 1, 0]",100,600,71
350,0,14.0,7391,12.573557874653488,"[1, 1, 1, 0, 1, 0, 0, 0, 0, 1]",100,600,72
351,100,17.0,7494,12.778212749864906,"[1, 1, 1, 1, 1, 1, 1, 0, 0, 1]",100,600,72
352,0,12.0,7494,12.846041209064424,"[1, 1, 0, 1, 0, 1, 0, 0, 1, 0]",100,600,73
353,100,16.0,7596,13.051206291653216,"[1, 1, 1, 1, 1, 1, 0, 0, 1, 0]",100,600,73
354,0,14.0,7596,13.117472166661173,"[0, 1, 1, 1, 0, 1, 0, 0, 0, 0]",100,600,74
355,100,18.0,7700,13.325538666918874,"[1, 1, 1, 1, 1, 1, 1, 1, 0, 0]",100,600,74
356,0,9.0,7700,13.392195291817188,"[1, 0, 0, 0, 0, 0, 0, 0, 0, 0]",100,600,75
357,100,10.0,7801,13.601655791979283,"[0, 0, 0, 0, 0, 0, 0, 0, 0, 0]",100,600,75
358,0,3.0,7801,13.668913458939642,"[0, 1, 1, 0, 1, 1, 0, 1, 1, 1]",100,600,76
359,100,18.0,7906,13.882202999666333,"[0, 0, 0, 0, 0, 0, 0, 0, 1, 1]",100,600,76
360,0,13.0,7906,13.949813666753471,"[0, 1, 0, 1, 0, 1, 1, 0, 0, 0]",100,600,77
361,100,18.0,8010,14.164345459081233,"[1, 1, 1, 1, 1, 1, 1, 1, 0, 0]",100,600,77
362,0,14.0,8010,14.231855624821037,"[1, 1, 1, 1, 0, 1, 1, 1, 0, 0]",100,600,78
363,100,18.0,8111,14.453267541714013,"[1, 1, 1, 1, 1, 1, 1, 1, 0, 0]",100,600,78
364,0,16.0,8111,14.522829124704003,"[1, 1, 0, 0, 1, 1, 1, 1, 1, 1]",100,600,79
365,100,16.0,8211,14.74223970901221,"[1, 1, 0, 0, 1, 1, 1, 1, 1, 1]",100,600,79
366,0,15.0,8211,14.812499333638698,"[1, 1, 1, 1, 1, 0, 0, 1, 0, 0]",100,600,80
367,100,18.0,8313,15.03649195889011,"[1, 1, 1, 1, 1, 1, 1, 1, 0, 0]",100,600,80
368,0,14.0,8313,15.106508833821863,"[1, 1, 1, 1, 0, 1, 1, 0, 0, 0]",100,600,81
369,100,18.0,8415,15.330546999815851,"[1, 1, 1, 1, 1, 1, 1, 1, 0, 0]",100,600,81
370,0,3.0,8415,15.400280667003244,"[1, 0, 0, 1, 0, 0, 0, 1, 0, 1]",100,600,82
371,100,18.0,8519,15.631376208737493,"[1, 1, 0, 0, 0, 0, 0, 0, 0, 0]",100,600,82
372,0,4.0,8519,15.70241737505421,"[0, 1, 0, 0, 0, 0, 1, 0, 0, 0]",100,600,83
373,100,16.0,8621,15.930203333962709,"[0, 0, 0, 0, 0, 0, 1, 1, 0, 0]",100,600,83
374,0,5.0,8621,16.001594542060047,"[0, 1, 1, 1, 1, 1, 0, 1, 1, 1]",100,600,84
375,100,15.0,8723,16.23172991676256,"[1, 1, 1, 1, 1, 0, 0, 1, 1, 1]",100,600,84
376,0,1.0,8723,16.303588666953146,"[0, 1, 0, 1, 0, 1, 0, 1, 0, 1]",100,600,85
377,100,18.0,8828,16.538372499868274,"[1, 1, 1, 1, 1, 1, 1, 1, 0, 0]",100,600,85
378,0,13.0,8828,16.609791167080402,"[1, 0, 1, 0, 1, 1, 1, 0, 0, 1]",100,600,86
379,100,17.0,8930,16.84570216666907,"[1, 1, 1, 1, 1, 1, 1, 0, 0, 1]",100,600,86
380,0,14.0,8930,16.917789208702743,"[0, 1, 1, 1, 1, 0, 0, 1, 1, 0]",100,600,87
381,100,15.0,9031,17.15547783393413,"[1, 1, 1, 1, 1, 0, 0, 1, 1, 0]",100,600,87
382,0,13.0,9031,17.22707899985835,"[0, 0, 1, 1, 0, 1, 0, 0, 0, 1]",100,600,88
383,100,18.0,9135,17.466008791700006,"[0, 0, 1, 1, 1, 1, 1, 1, 1, 1]",100,600,88
384,0,12.0,9135,17.53767374996096,"[0, 1, 0, 0, 1, 1, 0, 1, 0, 0]",100,600,89
385,100,14.0,9236,17.780827791895717,"[0, 0, 0, 0, 1, 1, 0, 1, 0, 0]",100,600,89
386,0,18.0,9236,17.85542479204014,"[0, 0, 0, 0, 0, 0, 0, 0, 1, 1]",100,600,90
387,100,18.0,9336,18.098793792072684,"[0, 0, 0, 0, 0, 0, 0, 0, 1, 1]",100,600,90
388,0,3.0,9336,18.170850208960474,"[0, 1, 0, 0, 0, 1, 0, 1, 0, 0]",100,600,91
389,100,17.0,9441,18.419307166710496,"[0, 0, 0, 0, 0, 0, 0, 1, 1, 0]",100,600,91
390,0,16.0,9441,18.49369079200551,"[1, 0, 0, 1, 1, 1, 1, 1, 1, 0]",100,600,92
391,100,17.0,9542,18.7470147497952,"[1, 0, 0, 1, 1, 1, 1, 1, 1, 1]",100,600,92
392,0,13.0,9542,18.82103587500751,"[1, 0, 1, 1, 0, 0, 0, 1, 0, 0]",100,600,93
393,100,16.0,9643,19.071832208894193,"[1, 0, 1, 1, 0, 0, 0, 0, 0, 0]",100,600,93
394,0,4.0,9643,19.14612991688773,"[0, 0, 0, 0, 1, 0, 1, 0, 0, 0]",100,600,94
395,100,18.0,9749,19.39952474972233,"[0, 0, 1, 1, 1, 1, 1, 1, 1, 1]",100,600,94
396,0,13.0,9749,19.47372891707346,"[1, 0, 1, 1, 1, 0, 0, 1, 0, 1]",100,600,95
397,100,17.0,9853,19.730647624935955,"[1, 1, 1, 1, 1, 1, 1, 0, 0, 1]",100,600,95
398,0,14.0,9853,19.805191499646753,"[0, 0, 0, 0, 1, 0, 0, 0, 1, 1]",100,600,96
399,100,18.0,9954,20.063582624774426,"[0, 0, 0, 0, 0, 0, 0, 0, 1, 1]",100,600,96
400,0,12.0,9954,20.1389403748326,"[0, 1, 1, 0, 1, 1, 0, 1, 0, 0]",100,600,97
401,100,17.0,10057,20.39836729178205,"[0, 1, 1, 0, 0, 0, 0, 0, 0, 0]",100,600,97
402,0,13.0,10057,20.474724874831736,"[1, 0, 0, 0, 1, 0, 0, 1, 1, 1]",100,600,98
403,100,18.0,10160,20.739595042075962,"[0, 0, 0, 0, 0, 0, 0, 0, 1, 1]",100,600,98
404,0,4.0,10160,20.816611208952963,"[1, 0, 1, 0, 0, 1, 0, 0, 0, 0]",100,600,99
405,100,18.0,10263,21.082875541877,"[1, 1, 0, 0, 0, 0, 0, 0, 0, 0]",100,600,99
406,0,17.0,10263,21.15921525005251,"[1, 1, 1, 1, 1, 1, 1, 0, 0, 1]",100,600,100
407,100,17.0,10363,21.426974209025502,"[1, 1, 1, 1, 1, 1, 1, 0, 0, 1]",100,600,100
